Link,Name,Price
https://www.chinabrands.com/item/dropship-mijia-1c-wireless-high-suction-handheld-vacuum-cleaner-from-xiaomi-youpin-4604896-p.html?goods_id=1441884&wid=67,Xiaomi MIJIA 1C Wireless High Suction Handheld Vacuum Cleaner,$ 200.00
https://www.chinabrands.com/item/dropship-xiaomi-redmi-note-8-4g-phablet-3gb-ram-32gb-rom-4601529-p.html?goods_id=1440261&wid=16,Xiaomi Redmi Note 8 4G Phablet 3GB RAM 32GB ROM,$ 194.00
https://www.chinabrands.com/item/dropship-xiaomi-sjws01lm-sensor-alarme-water-detection-water-leakage-alarm-detector-sound-box-link-app-reminder-ip67-anti-dust-waterproof-works-with-mijia-app-4755283-p.html?goods_id=1502806&wid=51,Xiaomi SJWS01LM Sensor Alarme Water Detection Water Leakage Alarm Detector Sound Box Link App Reminder IP67 Anti Dust Waterproof Works ......,$ 12.00
https://www.chinabrands.com/item/dropship-original-xiaomi-usb-type-c-charge-and-sync-cable-1-2m-3775783-p.html?goods_id=1316266&wid=51,Original Xiaomi USB Type-C Charge and Sync Cable 1.2m,$ 1.40
https://www.chinabrands.com/item/dropship-xiaomi-mi-smart-body-composition-scale-bluetooth-5-0-4475065-p.html?goods_id=1376717&wid=15,Xiaomi Smart Body Composition Scale Bluetooth 5.0,$ 31.09
https://www.chinabrands.com/item/dropship-xiaomi-mi-10t-5g-smartphone-4738915-p.html?goods_id=1500426&wid=16,Xiaomi Mi 10T 5G Smartphone,$ 464.56
https://www.chinabrands.com/site/login.html,Not Found,Not Found
https://www.chinabrands.com/item/dropship-colorful-silicone-strap-bracelet-replacement-watchband-for-xiaomi-mi-band-2-2394245-p.html?goods_id=657640&wid=67,Colorful Silicone Strap Bracelet Replacement Watchband for Xiaomi Mi Band 2,$ 0.68
https://www.chinabrands.com/item/dropship-xiaomi-mi-notebook-pro-15-6-inch-windows-10-chinese-version-intel-core-i5-8250u-quad-core-1-6ghz-8gb-ram-256gb-ssd-fingerprint-recognition-dual-wifi-2274194-p.html?goods_id=464546&wid=31,Xiaomi Mi Notebook Pro 15.6 inch Windows 10 Chinese Version Intel Core i7-8550U Quad Core 1.6GHz 16GB RAM 256GB SSD Fingerprint Recogni......,$ 1480.56
https://www.chinabrands.com/item/dropship-silicone-watch-band-for-xiaomi-miband-2-1869693-p.html?goods_id=178240&wid=67,Silicone Watch Band for Xiaomi Mi Band 2,$ 1.26
https://www.chinabrands.com/item/dropship-official-international-version-original-xiaomi-mi-android-tv-box-quad-core-cortex-a53-4k-h-265-vp9-profile-2-decoding-dual-band-wifi-dolby-dts-1911387-p.html?goods_id=191814&wid=16,Original Xiaomi MI BOX Android TV Box Official International Version,$ 81.93
https://www.chinabrands.com/item/dropship-original-xiaomi-bluetooth-4-2-speaker-hands-free-2109499-p.html?goods_id=286396&wid=16,Original Xiaomi XMYX03YM Bluetooth 4.2 Speaker Hands-free,$ 21.76
https://www.chinabrands.com/item/dropship-xiaomi-redmi-note8-global-version-4-64gb-black-eu-4594423-p.html?goods_id=1434098&wid=59,Xiaomi Redmi Note 8 Global Version 4+64GB Neptune Blue EU,$ 218.55
https://www.chinabrands.com/item/dropship-xiaomi-redmi-note8-pro-global-version-6-64gb-mineral-grey-eu-4590952-p.html?goods_id=1434094&wid=15,Xiaomi Redmi Note 8 Pro Global Version 6+64GB Forest Green EU,$ 275.21
https://www.chinabrands.com/item/dropship-original-xiaomi-mi-band-2-smartband-ip67-waterproof-heart-rate-monitor-sedentary-reminder-bluetooth-2205035-p.html?goods_id=326133&wid=16,Original Xiaomi Mi Band 2 Smartband IP67 Waterproof Heart Rate Monitor Sedentary Reminder Bluetooth,$ 21.99
https://www.chinabrands.com/item/dropship-xiaomi-mijia-6-in-1-smart-home-security-set-2096224-p.html?goods_id=286384&wid=16,Xiaomi mijia 6 in 1 Smart Home Security Set,$ 67.87
https://www.chinabrands.com/item/dropship-xiaomi-solid-color-lightweight-water-resistant-backpack-2723789-p.html?goods_id=629523&wid=25,Xiaomi Solid Color Lightweight Water-resistant Backpack,$ 6.25
https://www.chinabrands.com/item/dropship-xiaomi-air-purifier-2h-3-stages-true-hepa-filter-4619362-p.html?goods_id=1455101&wid=67,Xiaomi Air Purifier 2H 3 Stages True HEPA Filter,$ 91.16
https://www.chinabrands.com/item/dropship-hd-scratch-resistant-protective-film-for-xiaomi-mi-band-2-10pcs-2602718-p.html?goods_id=657568&wid=67,HD Scratch Resistant Protective Film for Xiaomi Mi Band 2 - 10PCS,$ 0.96
https://www.chinabrands.com/item/dropship-main-brush-filters-side-brushes-accessories-for-xiaomi-mi-robot-vacuum-3085795-p.html?goods_id=695848&wid=67,Main Brush Filters Side Brushes Accessories for XIAOMI MI Robot Vacuum,$ 5.20
https://www.chinabrands.com/item/dropship-xiaomi-nrb4030gl-power-strip-3-standard-eu-sockets-3-usb-ports-fast-charge-750-flame-resistance-4701280-p.html?goods_id=1496501&wid=25,Xiaomi NRB4030GL Power Strip 3 Standard EU Sockets 3 USB Ports Fast Charge 750℃ Flame Resistance,$ 11.74
https://www.chinabrands.com/item/dropship-5pcs-screen-protector-film-for-xiaomi-mi-band-2-smart-wristband-bracelet-2541355-p.html?goods_id=562011&wid=67,5Pcs Screen Protector Film For Xiaomi Mi Band 2 Smart Wristband Bracelet,$ 1.55
https://www.chinabrands.com/item/dropship-2pcs-clear-screen-protector-protective-film-guard-for-xiaomi-mi-band-3-watch-2710134-p.html?goods_id=657556&wid=67,Clear Screen Protector Protective Film Guard for Xiaomi Mi Band 3 Watch 2pcs,$ 0.95
https://www.chinabrands.com/item/dropship-xiaomi-mi-band-3-smart-bracelet-heart-rate-monitor-bluetooth-4-2-wristband-2694332-p.html?goods_id=573939&wid=16,Xiaomi Mi Band 3 Smart Bracelet Heart Rate Monitor Bluetooth 4.2 Wristband,$ 32.20
https://www.chinabrands.com/item/dropship-xiaomi-redmi-9c-4g-smartphone-4707183-p.html?goods_id=1502774&wid=16,Xiaomi Redmi 9C 4G Smartphone,$ 103.10
https://www.chinabrands.com/item/dropship-xiaomi-redmi-airdots-bluetooth-wireless-headset-4405349-p.html?goods_id=1374412&wid=16,Original Xiaomi Redmi AirDots Bluetooth Wireless Headset,$ 19.62
https://www.chinabrands.com/item/dropship-replaceable-silicone-wrist-strap-smart-wristband-for-xiaomi-mi-band-4-mi-band-3-4653122-p.html?goods_id=1467813&wid=25,Replaceable Silicone Wrist Strap Smart Wristband for Xiaomi Mi Band 4 /Mi Band 3,$ 2.58
https://www.chinabrands.com/item/dropship-economic-version-filter-core-for-xiaomi-mi-air-purifier-4679775-p.html?goods_id=1473073&wid=51,Economic Version Filter Core for Xiaomi Mi Air Purifier,$ 22.40
https://www.chinabrands.com/item/dropship-xiaomi-mi-airdots-tws-bluetooth-earphones-wireless-in-ear-earbuds-with-mic-and-charging-dock-youth-version-3541011-p.html?goods_id=928600&wid=25,Xiaomi Mi AirDots TWS Bluetooth Earphones Wireless In-ear Earbuds with Mic and Charging Dock Youth Version,$ 35.20
https://www.chinabrands.com/item/dropship-hd-ultra-thin-anti-scratch-protective-film-for-xiaomi-mi-band-2-5pcs-2421273-p.html?goods_id=657634&wid=67,HD Ultra Thin Anti-scratch Protective Film for Xiaomi Mi Band 2 - 5pcs,$ 0.62
https://www.chinabrands.com/item/dropship-xiaomi-selfie-stick-bluetooth-remote-control-tripod-holder-2091077-p.html?goods_id=266414&wid=16,Xiaomi Selfie Stick Bluetooth Remote Control Tripod Holder,$ 15.55
https://www.chinabrands.com/item/dropship-xiaomi-redmi-note-8-4g-phablet-4gb-ram-128gb-rom-4601594-p.html?goods_id=1440264&wid=59,Xiaomi Redmi Note 8 4G Phablet 4GB RAM 128GB ROM,$ 196.46
https://www.chinabrands.com/item/dropship-xiaomi-poco-m3-4g-smart-phone-4754590-p.html?goods_id=1502772&wid=16,Xiaomi Poco M3 4G Smart Phone,$ 163.24
https://www.chinabrands.com/item/dropship-original-xiaomi-ai-bluetooth-4-1-speaker-wire-smart-music-player-2208230-p.html?goods_id=563209&wid=51,Original Xiaomi AI Bluetooth 4.1 Speaker Wire Smart Music Player,$ 53.35
https://www.chinabrands.com/item/dropship-xiaomi-mesh-2-4ghz-5ghz-wifi-intelligent-router-2pcs-sub-ac1300-wireless-1000m-wired-1300m-power-line-multi-channel-high-speed-hybrid-transmission-qualcomm-dakota-4-core-cpu-4-independent-signal-amplifiers-full-wi-fi-seamless-coverage-for-xiaomi-smart-home-optimized-connection-4480148-p.html?goods_id=1378306&wid=15,Xiaomi Mesh 2.4 + 5GHz WiFi Smart Router AC1300 + 1000M LAN + 1300M Power Line Qualcomm DAKOTA 4 Core 4 Signal Amplifiers,$ 220.82
https://www.chinabrands.com/item/dropship-xiaomi-redmibook-14-inch-notebook-8gb-256gb-laptop-ryzen-edition-4615715-p.html?goods_id=1447538&wid=51,Xiaomi RedmiBook 14 inch Notebook 16GB / 512GB Laptop Ryzen Edition,$ 826.00
https://www.chinabrands.com/item/dropship-xiaomi-bar-shaped-bluetooth-speaker-2623037-p.html?goods_id=555003&wid=51,Xiaomi MDZ-27-DA Bar Shaped Bluetooth Speaker,$ 67.01
https://www.chinabrands.com/item/dropship-original-xiaomi-1s-car-dvr-camera-video-recorder-140-degrees-wide-angle-3-0-inch-ips-screen-3162633-p.html?goods_id=677469&wid=25,Original Xiaomi 1S Car DVR Camera Video Recorder 140 Degrees Wide Angle 3.0 inch IPS Screen,$ 58.00
https://www.chinabrands.com/item/dropship-accessories-for-xiaomi-mi-robot-vacuum-side-brush-2pcs-hepa-filter-2pcs-main-bru-3748489-p.html?goods_id=1315974&wid=67,Accessories for Xiaomi Mi Robot Vacuum Side Brush HEPA Filter 2PCS,$ 5.10
https://www.chinabrands.com/item/dropship-xiaomi-mi-band-5-global-version-4688591-p.html?goods_id=1492060&wid=16,Xiaomi Mi Band 5 Chinese Version,$ 40.00
https://www.chinabrands.com/item/dropship-xiaomi-classic-backpack-business-travel-shoulder-bag-4586977-p.html?goods_id=1453206&wid=25,Xiaomi Classic Backpack Business Travel Shoulder Bag,$ 21.32
